"","sample_id","Station","Latitude","Longitude","Depth m","CTD cast (to be checked)","depth_numeric","Cast","Cycle","Pressure [db]","Temp1 [Â°C]","Salinity1[PSS-78]","Oxygen1 [mmol/kg]","Fluorescence1 [milligrams/m^3]","Fluor average [mg m^-3]","easy_long","updated_cycle","bloom_state","water_mode","number_long","total_contigs","total_basepairs","max_contig","med_contig","avg_contig","bottom_percentile","top_percentil","n_virus","n_circular","sample","average_gc","per_read_gc","gc_var","mean_read_length","total_reads","total_bp","direction"
"1","NZ_1",NA,-43.4554,-173.879833333333,"Surface",NA,5,NA,NA,NA,NA,NA,NA,NA,NA,173.879833333333,"Transit","No salp","Subtropical Pacific",422,119222,91954126,440621,458,771.284880307326,362,674,2253,4,"NZ1_S95_L002_R1_001",40.1764280994784,40.0222320709991,0.00808620366560073,86.6455832431508,48647618,4215101235,"F"
"2","NZ_1",NA,-43.4554,-173.879833333333,"Surface",NA,5,NA,NA,NA,NA,NA,NA,NA,NA,173.879833333333,"Transit","No salp","Subtropical Pacific",422,119222,91954126,440621,458,771.284880307326,362,674,2253,4,"NZ1_S95_L002_R2_001",40.0614056182737,39.9149486248314,0.00816992347844318,86.3593128855764,48647618,4201174864,"R"
"3","NZ_2",NA,-43.4422333333333,-173.885683333333,"Surface",NA,5,NA,NA,NA,NA,NA,NA,NA,NA,173.885683333333,"Transit","No salp","Subtropical Pacific",352,134983,97867480,402505,453,725.035597075187,358,664,2243,2,"NZ2_S96_L002_R1_001",39.3222596812944,39.2255481056002,0.00800439053339305,87.1165164371071,83317824,7258358584,"F"
"4","NZ_2",NA,-43.4422333333333,-173.885683333333,"Surface",NA,5,NA,NA,NA,NA,NA,NA,NA,NA,173.885683333333,"Transit","No salp","Subtropical Pacific",352,134983,97867480,402505,453,725.035597075187,358,664,2243,2,"NZ2_S96_L002_R2_001",39.0624774082196,38.9983748745004,0.00827861642467632,87.3076758341649,83317824,7274285569,"R"
"5","NZ_3",95,-44.6281666666667,-174.231166666667,"10",9120,10,1,"1",9.11416326530612,11.2315653061224,34.599031327758,275.475545454546,0.33989612244898,0.292323469387755,174.231166666667,"1","Salp","Subantarctic",13,14320,7910174,34922,411,552.386452513966,342,549,254,0,"NZ3_S97_L002_R1_001",38.8810706032199,38.9519428214638,0.00927735766631446,88.7322756919053,35849453,3181003547,"F"
"6","NZ_3",95,-44.6281666666667,-174.231166666667,"10",9120,10,1,"1",9.11416326530612,11.2315653061224,34.599031327758,275.475545454546,0.33989612244898,0.292323469387755,174.231166666667,"1","Salp","Subantarctic",13,14320,7910174,34922,411,552.386452513966,342,549,254,0,"NZ3_S97_L002_R2_001",38.6206603821083,38.714732345168,0.0096261885792757,88.9401434381718,35849453,3188455492,"R"
"7","NZ_3",95,-44.6281666666667,-174.231166666667,"10",9120,10,1,"1",9.00066666666667,11.2293416666667,34.5988224595171,275.279277777778,0.39004625,0.3381290625,174.231166666667,"1","Salp","Subantarctic",13,14320,7910174,34922,411,552.386452513966,342,549,254,0,"NZ3_S97_L002_R1_001",38.8810706032199,38.9519428214638,0.00927735766631446,88.7322756919053,35849453,3181003547,"F"
"8","NZ_3",95,-44.6281666666667,-174.231166666667,"10",9120,10,1,"1",9.00066666666667,11.2293416666667,34.5988224595171,275.279277777778,0.39004625,0.3381290625,174.231166666667,"1","Salp","Subantarctic",13,14320,7910174,34922,411,552.386452513966,342,549,254,0,"NZ3_S97_L002_R2_001",38.6206603821083,38.714732345168,0.0096261885792757,88.9401434381718,35849453,3188455492,"R"
"9","NZ_3",95,-44.6281666666667,-174.231166666667,"10",9120,10,1,"1",9.09673469387756,11.224906122449,34.598212111872,275.360829787234,0.454878367346939,0.377633571428571,174.231166666667,"1","Salp","Subantarctic",13,14320,7910174,34922,411,552.386452513966,342,549,254,0,"NZ3_S97_L002_R1_001",38.8810706032199,38.9519428214638,0.00927735766631446,88.7322756919053,35849453,3181003547,"F"
"10","NZ_3",95,-44.6281666666667,-174.231166666667,"10",9120,10,1,"1",9.09673469387756,11.224906122449,34.598212111872,275.360829787234,0.454878367346939,0.377633571428571,174.231166666667,"1","Salp","Subantarctic",13,14320,7910174,34922,411,552.386452513966,342,549,254,0,"NZ3_S97_L002_R2_001",38.6206603821083,38.714732345168,0.0096261885792757,88.9401434381718,35849453,3188455492,"R"
"11","NZ_3",95,-44.6281666666667,-174.231166666667,"10",9120,10,1,"1",9.08691666666667,11.2064229166667,34.5959072560167,275.703577777778,0.472237708333333,0.412763645833333,174.231166666667,"1","Salp","Subantarctic",13,14320,7910174,34922,411,552.386452513966,342,549,254,0,"NZ3_S97_L002_R1_001",38.8810706032199,38.9519428214638,0.00927735766631446,88.7322756919053,35849453,3181003547,"F"
"12","NZ_3",95,-44.6281666666667,-174.231166666667,"10",9120,10,1,"1",9.08691666666667,11.2064229166667,34.5959072560167,275.703577777778,0.472237708333333,0.412763645833333,174.231166666667,"1","Salp","Subantarctic",13,14320,7910174,34922,411,552.386452513966,342,549,254,0,"NZ3_S97_L002_R2_001",38.6206603821083,38.714732345168,0.0096261885792757,88.9401434381718,35849453,3188455492,"R"
"13","NZ_4",95,-44.6281666666667,-174.231166666667,"25",9120,25,1,"1",24.540625,11.1742229166667,34.60079929982,275.504347826087,0.988117708333333,0.829562916666667,174.231166666667,"1","Salp","Subantarctic",219,102962,71130461,350606,450,690.841873700977,358.25,644,2446,2,"NZ4_S98_L002_R1_001",38.4842807966847,38.3995863555826,0.00670996173982863,86.7596798878784,44368954,3849436246,"F"
"14","NZ_4",95,-44.6281666666667,-174.231166666667,"25",9120,25,1,"1",24.540625,11.1742229166667,34.60079929982,275.504347826087,0.988117708333333,0.829562916666667,174.231166666667,"1","Salp","Subantarctic",219,102962,71130461,350606,450,690.841873700977,358.25,644,2446,2,"NZ4_S98_L002_R2_001",38.2716670694907,38.2138108440418,0.00696818151444084,86.961730988745,44368954,3858401042,"R"
"15","NZ_4",95,-44.6281666666667,-174.231166666667,"25",9120,25,1,"1",24.4387346938775,11.2014755102041,34.5993629843017,275.347173913044,0.998003673469388,0.878992653061225,174.231166666667,"1","Salp","Subantarctic",219,102962,71130461,350606,450,690.841873700977,358.25,644,2446,2,"NZ4_S98_L002_R1_001",38.4842807966847,38.3995863555826,0.00670996173982863,86.7596798878784,44368954,3849436246,"F"
"16","NZ_4",95,-44.6281666666667,-174.231166666667,"25",9120,25,1,"1",24.4387346938775,11.2014755102041,34.5993629843017,275.347173913044,0.998003673469388,0.878992653061225,174.231166666667,"1","Salp","Subantarctic",219,102962,71130461,350606,450,690.841873700977,358.25,644,2446,2,"NZ4_S98_L002_R2_001",38.2716670694907,38.2138108440418,0.00696818151444084,86.961730988745,44368954,3858401042,"R"
"17","NZ_4",95,-44.6281666666667,-174.231166666667,"25",9120,25,1,"1",24.3817551020408,11.1843081632653,34.6008438724245,276.186906976744,1.23657734693878,0.99185081632653,174.231166666667,"1","Salp","Subantarctic",219,102962,71130461,350606,450,690.841873700977,358.25,644,2446,2,"NZ4_S98_L002_R1_001",38.4842807966847,38.3995863555826,0.00670996173982863,86.7596798878784,44368954,3849436246,"F"
"18","NZ_4",95,-44.6281666666667,-174.231166666667,"25",9120,25,1,"1",24.3817551020408,11.1843081632653,34.6008438724245,276.186906976744,1.23657734693878,0.99185081632653,174.231166666667,"1","Salp","Subantarctic",219,102962,71130461,350606,450,690.841873700977,358.25,644,2446,2,"NZ4_S98_L002_R2_001",38.2716670694907,38.2138108440418,0.00696818151444084,86.961730988745,44368954,3858401042,"R"
"19","NZ_5",95,-44.6281666666667,-174.231166666667,"40",9120,40,1,"1",39.5809166666667,9.90970208333334,34.5768060837742,285.737236842105,2.00823958333333,1.57513947916667,174.231166666667,"1","Salp","Subantarctic",227,146904,96947826,211512,459,659.94000163372,363,657,2803,3,"NZ5_S99_L002_R1_001",38.9083813405933,38.7095883295257,0.00728881815998698,83.8336389071095,44453531,3726701266,"F"
"20","NZ_5",95,-44.6281666666667,-174.231166666667,"40",9120,40,1,"1",39.5809166666667,9.90970208333334,34.5768060837742,285.737236842105,2.00823958333333,1.57513947916667,174.231166666667,"1","Salp","Subantarctic",227,146904,96947826,211512,459,659.94000163372,363,657,2803,3,"NZ5_S99_L002_R2_001",38.69455700517,38.5330616519381,0.00750434469933375,84.047756543794,44453531,3736219551,"R"
"21","NZ_5",95,-44.6281666666667,-174.231166666667,"40",9120,40,1,"1",39.8594897959184,9.91081020408163,34.5770077595074,284.462642857143,2.15153673469388,1.68949285714286,174.231166666667,"1","Salp","Subantarctic",227,146904,96947826,211512,459,659.94000163372,363,657,2803,3,"NZ5_S99_L002_R1_001",38.9083813405933,38.7095883295257,0.00728881815998698,83.8336389071095,44453531,3726701266,"F"
"22","NZ_5",95,-44.6281666666667,-174.231166666667,"40",9120,40,1,"1",39.8594897959184,9.91081020408163,34.5770077595074,284.462642857143,2.15153673469388,1.68949285714286,174.231166666667,"1","Salp","Subantarctic",227,146904,96947826,211512,459,659.94000163372,363,657,2803,3,"NZ5_S99_L002_R2_001",38.69455700517,38.5330616519381,0.00750434469933375,84.047756543794,44453531,3736219551,"R"
"23","NZ_5",95,-44.6281666666667,-174.231166666667,"40",9120,40,1,"1",39.7802708333333,9.91750416666667,34.5769542375056,284.261523809524,1.9454,1.671940625,174.231166666667,"1","Salp","Subantarctic",227,146904,96947826,211512,459,659.94000163372,363,657,2803,3,"NZ5_S99_L002_R1_001",38.9083813405933,38.7095883295257,0.00728881815998698,83.8336389071095,44453531,3726701266,"F"
"24","NZ_5",95,-44.6281666666667,-174.231166666667,"40",9120,40,1,"1",39.7802708333333,9.91750416666667,34.5769542375056,284.261523809524,1.9454,1.671940625,174.231166666667,"1","Salp","Subantarctic",227,146904,96947826,211512,459,659.94000163372,363,657,2803,3,"NZ5_S99_L002_R2_001",38.69455700517,38.5330616519381,0.00750434469933375,84.047756543794,44453531,3736219551,"R"
"25","NZ_5",95,-44.6281666666667,-174.231166666667,"40",9120,40,1,"1",39.7876875,9.92068333333333,34.5771474210419,284.535621621622,2.14393333333333,1.64885166666667,174.231166666667,"1","Salp","Subantarctic",227,146904,96947826,211512,459,659.94000163372,363,657,2803,3,"NZ5_S99_L002_R1_001",38.9083813405933,38.7095883295257,0.00728881815998698,83.8336389071095,44453531,3726701266,"F"
"26","NZ_5",95,-44.6281666666667,-174.231166666667,"40",9120,40,1,"1",39.7876875,9.92068333333333,34.5771474210419,284.535621621622,2.14393333333333,1.64885166666667,174.231166666667,"1","Salp","Subantarctic",227,146904,96947826,211512,459,659.94000163372,363,657,2803,3,"NZ5_S99_L002_R2_001",38.69455700517,38.5330616519381,0.00750434469933375,84.047756543794,44453531,3736219551,"R"
"27","NZ_6",95,-44.6281666666667,-174.231166666667,"50",9120,50,1,"1",48.9844444444444,9.85434791666667,34.5978124352565,277.154571428571,1.5096425,1.30786020833333,174.231166666667,"1","Salp","Subantarctic",277,144385,98015920,70254,461,678.851127194653,364,665,2975,1,"NZ6_S100_L002_R1_001",39.6558753849464,39.5378783133494,0.0067336645476503,87.6212987718618,42257460,3702653528,"F"
"28","NZ_6",95,-44.6281666666667,-174.231166666667,"50",9120,50,1,"1",48.9844444444444,9.85434791666667,34.5978124352565,277.154571428571,1.5096425,1.30786020833333,174.231166666667,"1","Salp","Subantarctic",277,144385,98015920,70254,461,678.851127194653,364,665,2975,1,"NZ6_S100_L002_R2_001",39.3681331625888,39.2854706085701,0.00708042307547668,87.852078331258,42257460,3712405686,"R"
"29","NZ_6",95,-44.6281666666667,-174.231166666667,"50",9120,50,1,"1",48.9550416666667,9.85977708333333,34.5999778914202,276.8281875,1.40348541666667,1.24079208333333,174.231166666667,"1","Salp","Subantarctic",277,144385,98015920,70254,461,678.851127194653,364,665,2975,1,"NZ6_S100_L002_R1_001",39.6558753849464,39.5378783133494,0.0067336645476503,87.6212987718618,42257460,3702653528,"F"
"30","NZ_6",95,-44.6281666666667,-174.231166666667,"50",9120,50,1,"1",48.9550416666667,9.85977708333333,34.5999778914202,276.8281875,1.40348541666667,1.24079208333333,174.231166666667,"1","Salp","Subantarctic",277,144385,98015920,70254,461,678.851127194653,364,665,2975,1,"NZ6_S100_L002_R2_001",39.3681331625888,39.2854706085701,0.00708042307547668,87.852078331258,42257460,3712405686,"R"
"31","NZ_6",95,-44.6281666666667,-174.231166666667,"50",9120,50,1,"1",48.6662708333333,9.85723958333333,34.5994142214825,276.566625,1.207700625,1.058860625,174.231166666667,"1","Salp","Subantarctic",277,144385,98015920,70254,461,678.851127194653,364,665,2975,1,"NZ6_S100_L002_R1_001",39.6558753849464,39.5378783133494,0.0067336645476503,87.6212987718618,42257460,3702653528,"F"
"32","NZ_6",95,-44.6281666666667,-174.231166666667,"50",9120,50,1,"1",48.6662708333333,9.85723958333333,34.5994142214825,276.566625,1.207700625,1.058860625,174.231166666667,"1","Salp","Subantarctic",277,144385,98015920,70254,461,678.851127194653,364,665,2975,1,"NZ6_S100_L002_R2_001",39.3681331625888,39.2854706085701,0.00708042307547668,87.852078331258,42257460,3712405686,"R"
"33","NZ_7",189,-44.5438333333333,179.537666666667,"10",9137,10,1,"2",10.0955,10.1423520833333,34.3643585557408,269.492895833333,1.19973541666667,1.02348322916667,179.537666666667,"2","Salp","Subantarctic",41,58520,36611568,49451,444,625.624880382775,354,635,1089,1,"NZ7_S101_L002_R1_001",38.0244504787967,38.0318096537791,0.00740936554925772,86.7871291060388,78758663,6835238254,"F"
"34","NZ_7",189,-44.5438333333333,179.537666666667,"10",9137,10,1,"2",10.0955,10.1423520833333,34.3643585557408,269.492895833333,1.19973541666667,1.02348322916667,179.537666666667,"2","Salp","Subantarctic",41,58520,36611568,49451,444,625.624880382775,354,635,1089,1,"NZ7_S101_L002_R2_001",37.817061041249,37.8513913485436,0.00762614516749838,86.9510264159766,78758663,6848146587,"R"
"35","NZ_7",189,-44.5438333333333,179.537666666667,"10",9137,10,1,"2",10.1231458333333,10.1415229166667,34.3643568398012,269.727020833333,1.22918958333333,1.0292465625,179.537666666667,"2","Salp","Subantarctic",41,58520,36611568,49451,444,625.624880382775,354,635,1089,1,"NZ7_S101_L002_R1_001",38.0244504787967,38.0318096537791,0.00740936554925772,86.7871291060388,78758663,6835238254,"F"
"36","NZ_7",189,-44.5438333333333,179.537666666667,"10",9137,10,1,"2",10.1231458333333,10.1415229166667,34.3643568398012,269.727020833333,1.22918958333333,1.0292465625,179.537666666667,"2","Salp","Subantarctic",41,58520,36611568,49451,444,625.624880382775,354,635,1089,1,"NZ7_S101_L002_R2_001",37.817061041249,37.8513913485436,0.00762614516749838,86.9510264159766,78758663,6848146587,"R"
"37","NZ_7",189,-44.5438333333333,179.537666666667,"10",9137,10,1,"2",9.9736511627907,10.1427775510204,34.3643457673515,269.031255813953,1.2148693877551,1.0006012244898,179.537666666667,"2","Salp","Subantarctic",41,58520,36611568,49451,444,625.624880382775,354,635,1089,1,"NZ7_S101_L002_R1_001",38.0244504787967,38.0318096537791,0.00740936554925772,86.7871291060388,78758663,6835238254,"F"
"38","NZ_7",189,-44.5438333333333,179.537666666667,"10",9137,10,1,"2",9.9736511627907,10.1427775510204,34.3643457673515,269.031255813953,1.2148693877551,1.0006012244898,179.537666666667,"2","Salp","Subantarctic",41,58520,36611568,49451,444,625.624880382775,354,635,1089,1,"NZ7_S101_L002_R2_001",37.817061041249,37.8513913485436,0.00762614516749838,86.9510264159766,78758663,6848146587,"R"
"39","NZ_7",189,-44.5438333333333,179.537666666667,"10",9137,10,1,"2",10.0780833333333,10.1420270833333,34.3643114631326,269.935369565217,1.20788541666667,1.02173416666667,179.537666666667,"2","Salp","Subantarctic",41,58520,36611568,49451,444,625.624880382775,354,635,1089,1,"NZ7_S101_L002_R1_001",38.0244504787967,38.0318096537791,0.00740936554925772,86.7871291060388,78758663,6835238254,"F"
"40","NZ_7",189,-44.5438333333333,179.537666666667,"10",9137,10,1,"2",10.0780833333333,10.1420270833333,34.3643114631326,269.935369565217,1.20788541666667,1.02173416666667,179.537666666667,"2","Salp","Subantarctic",41,58520,36611568,49451,444,625.624880382775,354,635,1089,1,"NZ7_S101_L002_R2_001",37.817061041249,37.8513913485436,0.00762614516749838,86.9510264159766,78758663,6848146587,"R"
"41","NZ_7",189,-44.5438333333333,179.537666666667,"10",9137,10,1,"2",10.1596041666667,10.1437680851064,34.364360333648,269.434840909091,1.23812083333333,1.05741447916667,179.537666666667,"2","Salp","Subantarctic",41,58520,36611568,49451,444,625.624880382775,354,635,1089,1,"NZ7_S101_L002_R1_001",38.0244504787967,38.0318096537791,0.00740936554925772,86.7871291060388,78758663,6835238254,"F"
"42","NZ_7",189,-44.5438333333333,179.537666666667,"10",9137,10,1,"2",10.1596041666667,10.1437680851064,34.364360333648,269.434840909091,1.23812083333333,1.05741447916667,179.537666666667,"2","Salp","Subantarctic",41,58520,36611568,49451,444,625.624880382775,354,635,1089,1,"NZ7_S101_L002_R2_001",37.817061041249,37.8513913485436,0.00762614516749838,86.9510264159766,78758663,6848146587,"R"
"43","NZ_8",189,-44.5438333333333,179.537666666667,"30",9137,30,1,"2",30.0051836734694,10.1280755102041,34.3643308996044,269.734608695652,1.15598367346939,0.97466693877551,179.537666666667,"2","Salp","Subantarctic",384,165074,122224355,135305,476,740.421598798115,368,718,4990,1,"NZ8_S199_L003_R1_001",38.2668586664097,38.124952362005,0.00647476024186292,84.3804959311657,87523840,7385305025,"F"
"44","NZ_8",189,-44.5438333333333,179.537666666667,"30",9137,30,1,"2",30.0051836734694,10.1280755102041,34.3643308996044,269.734608695652,1.15598367346939,0.97466693877551,179.537666666667,"2","Salp","Subantarctic",384,165074,122224355,135305,476,740.421598798115,368,718,4990,1,"NZ8_S199_L003_R2_001",38.0918334306773,37.9815267264382,0.0067062305866356,84.5499152230981,87523840,7400133252,"R"
"45","NZ_8",189,-44.5438333333333,179.537666666667,"30",9137,30,1,"2",30.0275306122449,10.1239612244898,34.3644278717885,270.102918367347,1.20615102040816,1.03733602040816,179.537666666667,"2","Salp","Subantarctic",384,165074,122224355,135305,476,740.421598798115,368,718,4990,1,"NZ8_S199_L003_R1_001",38.2668586664097,38.124952362005,0.00647476024186292,84.3804959311657,87523840,7385305025,"F"
"46","NZ_8",189,-44.5438333333333,179.537666666667,"30",9137,30,1,"2",30.0275306122449,10.1239612244898,34.3644278717885,270.102918367347,1.20615102040816,1.03733602040816,179.537666666667,"2","Salp","Subantarctic",384,165074,122224355,135305,476,740.421598798115,368,718,4990,1,"NZ8_S199_L003_R2_001",38.0918334306773,37.9815267264382,0.0067062305866356,84.5499152230981,87523840,7400133252,"R"
"47","NZ_8",189,-44.5438333333333,179.537666666667,"30",9137,30,1,"2",29.9867083333333,10.13016875,34.3644333536998,270.267456521739,1.15447083333333,0.990272291666667,179.537666666667,"2","Salp","Subantarctic",384,165074,122224355,135305,476,740.421598798115,368,718,4990,1,"NZ8_S199_L003_R1_001",38.2668586664097,38.124952362005,0.00647476024186292,84.3804959311657,87523840,7385305025,"F"
"48","NZ_8",189,-44.5438333333333,179.537666666667,"30",9137,30,1,"2",29.9867083333333,10.13016875,34.3644333536998,270.267456521739,1.15447083333333,0.990272291666667,179.537666666667,"2","Salp","Subantarctic",384,165074,122224355,135305,476,740.421598798115,368,718,4990,1,"NZ8_S199_L003_R2_001",38.0918334306773,37.9815267264382,0.0067062305866356,84.5499152230981,87523840,7400133252,"R"
"49","NZ_8",189,-44.5438333333333,179.537666666667,"30",9137,30,1,"2",29.9312916666667,10.1350270833333,34.3644383401624,270.009458333333,1.26341666666667,1.0264040625,179.537666666667,"2","Salp","Subantarctic",384,165074,122224355,135305,476,740.421598798115,368,718,4990,1,"NZ8_S199_L003_R1_001",38.2668586664097,38.124952362005,0.00647476024186292,84.3804959311657,87523840,7385305025,"F"
"50","NZ_8",189,-44.5438333333333,179.537666666667,"30",9137,30,1,"2",29.9312916666667,10.1350270833333,34.3644383401624,270.009458333333,1.26341666666667,1.0264040625,179.537666666667,"2","Salp","Subantarctic",384,165074,122224355,135305,476,740.421598798115,368,718,4990,1,"NZ8_S199_L003_R2_001",38.0918334306773,37.9815267264382,0.0067062305866356,84.5499152230981,87523840,7400133252,"R"
"51","NZ_8",189,-44.5438333333333,179.537666666667,"30",9137,30,1,"2",29.8056734693878,10.1354795918367,34.3643529028777,269.898577777778,1.22609591836735,1.02039765306122,179.537666666667,"2","Salp","Subantarctic",384,165074,122224355,135305,476,740.421598798115,368,718,4990,1,"NZ8_S199_L003_R1_001",38.2668586664097,38.124952362005,0.00647476024186292,84.3804959311657,87523840,7385305025,"F"
"52","NZ_8",189,-44.5438333333333,179.537666666667,"30",9137,30,1,"2",29.8056734693878,10.1354795918367,34.3643529028777,269.898577777778,1.22609591836735,1.02039765306122,179.537666666667,"2","Salp","Subantarctic",384,165074,122224355,135305,476,740.421598798115,368,718,4990,1,"NZ8_S199_L003_R2_001",38.0918334306773,37.9815267264382,0.0067062305866356,84.5499152230981,87523840,7400133252,"R"
"53","NZ_9",189,-44.5438333333333,179.537666666667,"50",9137,50,1,"2",49.9789791666667,9.8730125,34.3653733027232,270.632565217391,1.19351666666667,1.0554678125,179.537666666667,"2","Salp","Subantarctic",293,188378,133442254,82495,482,708.374937625413,371,724,4222,3,"NZ9_S200_L003_R1_001",40.3073146794682,40.0297624306098,0.00825278662362755,81.7536288493164,61750704,5048344136,"F"
"54","NZ_9",189,-44.5438333333333,179.537666666667,"50",9137,50,1,"2",49.9789791666667,9.8730125,34.3653733027232,270.632565217391,1.19351666666667,1.0554678125,179.537666666667,"2","Salp","Subantarctic",293,188378,133442254,82495,482,708.374937625413,371,724,4222,3,"NZ9_S200_L003_R2_001",40.0251259524871,39.8013488298584,0.00851635622812235,82.0873252716277,61750704,5068950125,"R"
"55","NZ_9",189,-44.5438333333333,179.537666666667,"50",9137,50,1,"2",49.6604444444444,9.87852083333333,34.3657426297868,270.854022222222,1.17769166666667,0.993106770833334,179.537666666667,"2","Salp","Subantarctic",293,188378,133442254,82495,482,708.374937625413,371,724,4222,3,"NZ9_S200_L003_R1_001",40.3073146794682,40.0297624306098,0.00825278662362755,81.7536288493164,61750704,5048344136,"F"
"56","NZ_9",189,-44.5438333333333,179.537666666667,"50",9137,50,1,"2",49.6604444444444,9.87852083333333,34.3657426297868,270.854022222222,1.17769166666667,0.993106770833334,179.537666666667,"2","Salp","Subantarctic",293,188378,133442254,82495,482,708.374937625413,371,724,4222,3,"NZ9_S200_L003_R2_001",40.0251259524871,39.8013488298584,0.00851635622812235,82.0873252716277,61750704,5068950125,"R"
"57","NZ_9",189,-44.5438333333333,179.537666666667,"50",9137,50,1,"2",50.0395625,9.87513125,34.3658189282004,270.588395833333,1.18907916666667,0.9913465625,179.537666666667,"2","Salp","Subantarctic",293,188378,133442254,82495,482,708.374937625413,371,724,4222,3,"NZ9_S200_L003_R1_001",40.3073146794682,40.0297624306098,0.00825278662362755,81.7536288493164,61750704,5048344136,"F"
"58","NZ_9",189,-44.5438333333333,179.537666666667,"50",9137,50,1,"2",50.0395625,9.87513125,34.3658189282004,270.588395833333,1.18907916666667,0.9913465625,179.537666666667,"2","Salp","Subantarctic",293,188378,133442254,82495,482,708.374937625413,371,724,4222,3,"NZ9_S200_L003_R2_001",40.0251259524871,39.8013488298584,0.00851635622812235,82.0873252716277,61750704,5068950125,"R"
"59","NZ_9",189,-44.5438333333333,179.537666666667,"50",9137,50,1,"2",50.1817916666667,9.88702916666666,34.3658154210489,271.068295454545,1.14789375,0.995398958333333,179.537666666667,"2","Salp","Subantarctic",293,188378,133442254,82495,482,708.374937625413,371,724,4222,3,"NZ9_S200_L003_R1_001",40.3073146794682,40.0297624306098,0.00825278662362755,81.7536288493164,61750704,5048344136,"F"
"60","NZ_9",189,-44.5438333333333,179.537666666667,"50",9137,50,1,"2",50.1817916666667,9.88702916666666,34.3658154210489,271.068295454545,1.14789375,0.995398958333333,179.537666666667,"2","Salp","Subantarctic",293,188378,133442254,82495,482,708.374937625413,371,724,4222,3,"NZ9_S200_L003_R2_001",40.0251259524871,39.8013488298584,0.00851635622812235,82.0873252716277,61750704,5068950125,"R"
"61","NZ_10",189,-44.5438333333333,179.537666666667,"70",9137,70,1,"2",70.8294081632653,9.08223469387755,34.3703929456849,272.592155555556,0.853574897959184,0.706390510204082,179.537666666667,"2","Salp","Subantarctic",313,168519,124132660,130006,481,736.609284413033,369,730,3631,2,"NZ10_S201_L003_R1_001",41.1810841044905,40.8762349210834,0.00913353252014402,81.2835743754556,50779299,4127522927,"F"
"62","NZ_10",189,-44.5438333333333,179.537666666667,"70",9137,70,1,"2",70.8294081632653,9.08223469387755,34.3703929456849,272.592155555556,0.853574897959184,0.706390510204082,179.537666666667,"2","Salp","Subantarctic",313,168519,124132660,130006,481,736.609284413033,369,730,3631,2,"NZ10_S201_L003_R2_001",41.0317191064852,40.7550230453928,0.00930994432308125,81.3086301959387,50779299,4128795244,"R"
"63","NZ_10",189,-44.5438333333333,179.537666666667,"70",9137,70,1,"2",69.2946458333333,9.11985625,34.3690761945756,271.305923076923,0.925704791666667,0.736951354166667,179.537666666667,"2","Salp","Subantarctic",313,168519,124132660,130006,481,736.609284413033,369,730,3631,2,"NZ10_S201_L003_R1_001",41.1810841044905,40.8762349210834,0.00913353252014402,81.2835743754556,50779299,4127522927,"F"
"64","NZ_10",189,-44.5438333333333,179.537666666667,"70",9137,70,1,"2",69.2946458333333,9.11985625,34.3690761945756,271.305923076923,0.925704791666667,0.736951354166667,179.537666666667,"2","Salp","Subantarctic",313,168519,124132660,130006,481,736.609284413033,369,730,3631,2,"NZ10_S201_L003_R2_001",41.0317191064852,40.7550230453928,0.00930994432308125,81.3086301959387,50779299,4128795244,"R"
"65","NZ_10",189,-44.5438333333333,179.537666666667,"70",9137,70,1,"2",69.8135,9.1233375,34.3708148842663,271.726783783784,0.891440416666667,0.735492708333333,179.537666666667,"2","Salp","Subantarctic",313,168519,124132660,130006,481,736.609284413033,369,730,3631,2,"NZ10_S201_L003_R1_001",41.1810841044905,40.8762349210834,0.00913353252014402,81.2835743754556,50779299,4127522927,"F"
"66","NZ_10",189,-44.5438333333333,179.537666666667,"70",9137,70,1,"2",69.8135,9.1233375,34.3708148842663,271.726783783784,0.891440416666667,0.735492708333333,179.537666666667,"2","Salp","Subantarctic",313,168519,124132660,130006,481,736.609284413033,369,730,3631,2,"NZ10_S201_L003_R2_001",41.0317191064852,40.7550230453928,0.00930994432308125,81.3086301959387,50779299,4128795244,"R"
"67","NZ_10",189,-44.5438333333333,179.537666666667,"70",9137,70,1,"2",70.67275,9.10551666666667,34.370592494358,272.487375,0.87756125,0.744356145833333,179.537666666667,"2","Salp","Subantarctic",313,168519,124132660,130006,481,736.609284413033,369,730,3631,2,"NZ10_S201_L003_R1_001",41.1810841044905,40.8762349210834,0.00913353252014402,81.2835743754556,50779299,4127522927,"F"
"68","NZ_10",189,-44.5438333333333,179.537666666667,"70",9137,70,1,"2",70.67275,9.10551666666667,34.370592494358,272.487375,0.87756125,0.744356145833333,179.537666666667,"2","Salp","Subantarctic",313,168519,124132660,130006,481,736.609284413033,369,730,3631,2,"NZ10_S201_L003_R2_001",41.0317191064852,40.7550230453928,0.00930994432308125,81.3086301959387,50779299,4128795244,"R"
"69","NZ_10",189,-44.5438333333333,179.537666666667,"70",9137,70,1,"2",69.6514583333333,9.10152083333334,34.3701807622086,271.280930232558,0.823170833333333,0.688539375,179.537666666667,"2","Salp","Subantarctic",313,168519,124132660,130006,481,736.609284413033,369,730,3631,2,"NZ10_S201_L003_R1_001",41.1810841044905,40.8762349210834,0.00913353252014402,81.2835743754556,50779299,4127522927,"F"
"70","NZ_10",189,-44.5438333333333,179.537666666667,"70",9137,70,1,"2",69.6514583333333,9.10152083333334,34.3701807622086,271.280930232558,0.823170833333333,0.688539375,179.537666666667,"2","Salp","Subantarctic",313,168519,124132660,130006,481,736.609284413033,369,730,3631,2,"NZ10_S201_L003_R2_001",41.0317191064852,40.7550230453928,0.00930994432308125,81.3086301959387,50779299,4128795244,"R"
"71","NZ_10",189,-44.5438333333333,179.537666666667,"70",9137,70,1,"2",69.5485833333333,9.10197916666667,34.3701000966623,271.63119047619,0.884730625,0.719123229166667,179.537666666667,"2","Salp","Subantarctic",313,168519,124132660,130006,481,736.609284413033,369,730,3631,2,"NZ10_S201_L003_R1_001",41.1810841044905,40.8762349210834,0.00913353252014402,81.2835743754556,50779299,4127522927,"F"
"72","NZ_10",189,-44.5438333333333,179.537666666667,"70",9137,70,1,"2",69.5485833333333,9.10197916666667,34.3701000966623,271.63119047619,0.884730625,0.719123229166667,179.537666666667,"2","Salp","Subantarctic",313,168519,124132660,130006,481,736.609284413033,369,730,3631,2,"NZ10_S201_L003_R2_001",41.0317191064852,40.7550230453928,0.00930994432308125,81.3086301959387,50779299,4128795244,"R"
"73","NZ_11",227,-42.775,178.345333333333,"10",9145,10,1,"3",10.0779795918367,13.3113510204082,34.9898332848956,252.837857142857,2.64294081632653,2.05525204081633,178.345333333333,"3","No salp","Subtropical Pacific",890,240660,188070618,247285,469,781.478509099975,366,704,4165,12,"NZ11_S202_L003_R1_001",42.418179570451,42.2196551672631,0.00915402485321097,86.0354898582411,114723986,9870334334,"F"
"74","NZ_11",227,-42.775,178.345333333333,"10",9145,10,1,"3",10.0779795918367,13.3113510204082,34.9898332848956,252.837857142857,2.64294081632653,2.05525204081633,178.345333333333,"3","No salp","Subtropical Pacific",890,240660,188070618,247285,469,781.478509099975,366,704,4165,12,"NZ11_S202_L003_R2_001",42.2075781387435,42.0381124239613,0.00941552214604943,86.1480753379681,114723986,9883250589,"R"
"75","NZ_11",227,-42.775,178.345333333333,"10",9145,10,1,"3",10.1424583333333,13.31116875,34.9899037693382,253.280166666667,2.52269791666667,1.96771354166667,178.345333333333,"3","No salp","Subtropical Pacific",890,240660,188070618,247285,469,781.478509099975,366,704,4165,12,"NZ11_S202_L003_R1_001",42.418179570451,42.2196551672631,0.00915402485321097,86.0354898582411,114723986,9870334334,"F"
"76","NZ_11",227,-42.775,178.345333333333,"10",9145,10,1,"3",10.1424583333333,13.31116875,34.9899037693382,253.280166666667,2.52269791666667,1.96771354166667,178.345333333333,"3","No salp","Subtropical Pacific",890,240660,188070618,247285,469,781.478509099975,366,704,4165,12,"NZ11_S202_L003_R2_001",42.2075781387435,42.0381124239613,0.00941552214604943,86.1480753379681,114723986,9883250589,"R"
"77","NZ_11",227,-42.775,178.345333333333,"10",9145,10,1,"3",9.8725625,13.3099354166667,34.9899338036017,253.252341463415,2.75017916666667,2.15069583333333,178.345333333333,"3","No salp","Subtropical Pacific",890,240660,188070618,247285,469,781.478509099975,366,704,4165,12,"NZ11_S202_L003_R1_001",42.418179570451,42.2196551672631,0.00915402485321097,86.0354898582411,114723986,9870334334,"F"
"78","NZ_11",227,-42.775,178.345333333333,"10",9145,10,1,"3",9.8725625,13.3099354166667,34.9899338036017,253.252341463415,2.75017916666667,2.15069583333333,178.345333333333,"3","No salp","Subtropical Pacific",890,240660,188070618,247285,469,781.478509099975,366,704,4165,12,"NZ11_S202_L003_R2_001",42.2075781387435,42.0381124239613,0.00941552214604943,86.1480753379681,114723986,9883250589,"R"
"79","NZ_12",227,-42.775,178.345333333333,"25",9145,25,1,"3",25.2739375,13.3089041666667,34.9900951193358,252.256777777778,2.89572708333333,2.22969791666667,178.345333333333,"3","No salp","Subtropical Pacific",1070,291561,218375429,132394,467,748.987103899356,366,690,5526,13,"NZ12_S203_L003_R1_001",41.3873590538652,41.1392625138009,0.00774931828555839,84.4218575312432,137604598,11616835768,"F"
"80","NZ_12",227,-42.775,178.345333333333,"25",9145,25,1,"3",25.2739375,13.3089041666667,34.9900951193358,252.256777777778,2.89572708333333,2.22969791666667,178.345333333333,"3","No salp","Subtropical Pacific",1070,291561,218375429,132394,467,748.987103899356,366,690,5526,13,"NZ12_S203_L003_R2_001",41.1927209053047,40.9748154146562,0.00799953286525792,84.5807358486669,137604598,11638698155,"R"
"81","NZ_12",227,-42.775,178.345333333333,"25",9145,25,1,"3",25.4919183673469,13.3093489795918,34.9900743857504,253.171076923077,2.70783265306122,2.1495,178.345333333333,"3","No salp","Subtropical Pacific",1070,291561,218375429,132394,467,748.987103899356,366,690,5526,13,"NZ12_S203_L003_R1_001",41.3873590538652,41.1392625138009,0.00774931828555839,84.4218575312432,137604598,11616835768,"F"
"82","NZ_12",227,-42.775,178.345333333333,"25",9145,25,1,"3",25.4919183673469,13.3093489795918,34.9900743857504,253.171076923077,2.70783265306122,2.1495,178.345333333333,"3","No salp","Subtropical Pacific",1070,291561,218375429,132394,467,748.987103899356,366,690,5526,13,"NZ12_S203_L003_R2_001",41.1927209053047,40.9748154146562,0.00799953286525792,84.5807358486669,137604598,11638698155,"R"
"83","NZ_12",227,-42.775,178.345333333333,"25",9145,25,1,"3",25.2131020408163,13.3087081632653,34.9900606166871,253.083,2.56740204081633,2.05393775510204,178.345333333333,"3","No salp","Subtropical Pacific",1070,291561,218375429,132394,467,748.987103899356,366,690,5526,13,"NZ12_S203_L003_R1_001",41.3873590538652,41.1392625138009,0.00774931828555839,84.4218575312432,137604598,11616835768,"F"
"84","NZ_12",227,-42.775,178.345333333333,"25",9145,25,1,"3",25.2131020408163,13.3087081632653,34.9900606166871,253.083,2.56740204081633,2.05393775510204,178.345333333333,"3","No salp","Subtropical Pacific",1070,291561,218375429,132394,467,748.987103899356,366,690,5526,13,"NZ12_S203_L003_R2_001",41.1927209053047,40.9748154146562,0.00799953286525792,84.5807358486669,137604598,11638698155,"R"
"85","NZ_12",227,-42.775,178.345333333333,"25",9145,25,1,"3",25.5272448979592,13.3077836734694,34.9900083164647,252.86,2.58815714285714,2.00645816326531,178.345333333333,"3","No salp","Subtropical Pacific",1070,291561,218375429,132394,467,748.987103899356,366,690,5526,13,"NZ12_S203_L003_R1_001",41.3873590538652,41.1392625138009,0.00774931828555839,84.4218575312432,137604598,11616835768,"F"
"86","NZ_12",227,-42.775,178.345333333333,"25",9145,25,1,"3",25.5272448979592,13.3077836734694,34.9900083164647,252.86,2.58815714285714,2.00645816326531,178.345333333333,"3","No salp","Subtropical Pacific",1070,291561,218375429,132394,467,748.987103899356,366,690,5526,13,"NZ12_S203_L003_R2_001",41.1927209053047,40.9748154146562,0.00799953286525792,84.5807358486669,137604598,11638698155,"R"
"87","NZ_13",227,-42.775,178.345333333333,"40",9145,40,1,"3",40.5867708333333,13.2563791666667,34.9845792495822,252.810772727273,2.42426458333333,1.97592291666667,178.345333333333,"3","No salp","Subtropical Pacific",472,139946,97265336,263466,443,695.020479327741,356,628,2103,3,"NZ13_S204_L003_R1_001",41.6979881748483,41.6028864592652,0.0092196336516758,89.0025440812577,48129752,4283670374,"F"
"88","NZ_13",227,-42.775,178.345333333333,"40",9145,40,1,"3",40.5867708333333,13.2563791666667,34.9845792495822,252.810772727273,2.42426458333333,1.97592291666667,178.345333333333,"3","No salp","Subtropical Pacific",472,139946,97265336,263466,443,695.020479327741,356,628,2103,3,"NZ13_S204_L003_R2_001",41.35122352361,41.2914662934865,0.00959569281541382,89.1983366338559,48129752,4293093821,"R"
"89","NZ_13",227,-42.775,178.345333333333,"40",9145,40,1,"3",40.6720208333333,13.279,34.9870272033213,253.114071428571,2.42812083333333,1.89867395833333,178.345333333333,"3","No salp","Subtropical Pacific",472,139946,97265336,263466,443,695.020479327741,356,628,2103,3,"NZ13_S204_L003_R1_001",41.6979881748483,41.6028864592652,0.0092196336516758,89.0025440812577,48129752,4283670374,"F"
"90","NZ_13",227,-42.775,178.345333333333,"40",9145,40,1,"3",40.6720208333333,13.279,34.9870272033213,253.114071428571,2.42812083333333,1.89867395833333,178.345333333333,"3","No salp","Subtropical Pacific",472,139946,97265336,263466,443,695.020479327741,356,628,2103,3,"NZ13_S204_L003_R2_001",41.35122352361,41.2914662934865,0.00959569281541382,89.1983366338559,48129752,4293093821,"R"
"91","NZ_13",227,-42.775,178.345333333333,"40",9145,40,1,"3",40.6505510204082,13.2655142857143,34.9859059516012,253.059159090909,2.29920408163265,1.76908265306122,178.345333333333,"3","No salp","Subtropical Pacific",472,139946,97265336,263466,443,695.020479327741,356,628,2103,3,"NZ13_S204_L003_R1_001",41.6979881748483,41.6028864592652,0.0092196336516758,89.0025440812577,48129752,4283670374,"F"
"92","NZ_13",227,-42.775,178.345333333333,"40",9145,40,1,"3",40.6505510204082,13.2655142857143,34.9859059516012,253.059159090909,2.29920408163265,1.76908265306122,178.345333333333,"3","No salp","Subtropical Pacific",472,139946,97265336,263466,443,695.020479327741,356,628,2103,3,"NZ13_S204_L003_R2_001",41.35122352361,41.2914662934865,0.00959569281541382,89.1983366338559,48129752,4293093821,"R"
"93","NZ_13",227,-42.775,178.345333333333,"40",9145,40,1,"3",40.718375,13.2761125,34.986610846588,252.625976190476,2.47563541666667,1.89777916666667,178.345333333333,"3","No salp","Subtropical Pacific",472,139946,97265336,263466,443,695.020479327741,356,628,2103,3,"NZ13_S204_L003_R1_001",41.6979881748483,41.6028864592652,0.0092196336516758,89.0025440812577,48129752,4283670374,"F"
"94","NZ_13",227,-42.775,178.345333333333,"40",9145,40,1,"3",40.718375,13.2761125,34.986610846588,252.625976190476,2.47563541666667,1.89777916666667,178.345333333333,"3","No salp","Subtropical Pacific",472,139946,97265336,263466,443,695.020479327741,356,628,2103,3,"NZ13_S204_L003_R2_001",41.35122352361,41.2914662934865,0.00959569281541382,89.1983366338559,48129752,4293093821,"R"
"95","NZ_14",227,-42.775,178.345333333333,"50",9145,50,1,"3",51.4553333333333,12.5834125,34.9457529949923,250.511413043478,0.956295416666667,0.791168125,178.345333333333,"3","No salp","Subtropical Pacific",748,157769,122814888,83846,458,778.44752771457,361,680,2396,7,"NZ14_S205_L003_R1_001",41.8474541053613,41.6411067282401,0.00999693108632912,87.8257964511067,70638360,6203870227,"F"
"96","NZ_14",227,-42.775,178.345333333333,"50",9145,50,1,"3",51.4553333333333,12.5834125,34.9457529949923,250.511413043478,0.956295416666667,0.791168125,178.345333333333,"3","No salp","Subtropical Pacific",748,157769,122814888,83846,458,778.44752771457,361,680,2396,7,"NZ14_S205_L003_R2_001",41.6034602827465,41.4260882106089,0.0102091518875241,87.9375234787444,70638360,6211762441,"R"
"97","NZ_14",227,-42.775,178.345333333333,"50",9145,50,1,"3",51.3152291666667,12.5858041666667,34.9457664022565,250.2676,0.977380416666667,0.775998645833333,178.345333333333,"3","No salp","Subtropical Pacific",748,157769,122814888,83846,458,778.44752771457,361,680,2396,7,"NZ14_S205_L003_R1_001",41.8474541053613,41.6411067282401,0.00999693108632912,87.8257964511067,70638360,6203870227,"F"
"98","NZ_14",227,-42.775,178.345333333333,"50",9145,50,1,"3",51.3152291666667,12.5858041666667,34.9457664022565,250.2676,0.977380416666667,0.775998645833333,178.345333333333,"3","No salp","Subtropical Pacific",748,157769,122814888,83846,458,778.44752771457,361,680,2396,7,"NZ14_S205_L003_R2_001",41.6034602827465,41.4260882106089,0.0102091518875241,87.9375234787444,70638360,6211762441,"R"
"99","NZ_14",227,-42.775,178.345333333333,"50",9145,50,1,"3",51.5140204081633,12.5850673469388,34.9457979176143,250.265959183674,0.930185714285714,0.742335408163265,178.345333333333,"3","No salp","Subtropical Pacific",748,157769,122814888,83846,458,778.44752771457,361,680,2396,7,"NZ14_S205_L003_R1_001",41.8474541053613,41.6411067282401,0.00999693108632912,87.8257964511067,70638360,6203870227,"F"
"100","NZ_14",227,-42.775,178.345333333333,"50",9145,50,1,"3",51.5140204081633,12.5850673469388,34.9457979176143,250.265959183674,0.930185714285714,0.742335408163265,178.345333333333,"3","No salp","Subtropical Pacific",748,157769,122814888,83846,458,778.44752771457,361,680,2396,7,"NZ14_S205_L003_R2_001",41.6034602827465,41.4260882106089,0.0102091518875241,87.9375234787444,70638360,6211762441,"R"
"101","NZ_15",305,-43.6535,-179.810666666667,"10",9156,10,1,"4",9.732625,12.7611208333333,34.7514658365317,269.68252173913,0.807977708333333,0.673867083333333,179.810666666667,"4","Salp","Subantarctic",321,111607,79522166,120449,444,712.519519384985,353,646,2073,8,"NZ15_S302_L004_R1_001",42.5107727917316,42.3471156995051,0.00910313945760779,84.8166945865063,151462188,12846522141,"F"
"102","NZ_15",305,-43.6535,-179.810666666667,"10",9156,10,1,"4",9.732625,12.7611208333333,34.7514658365317,269.68252173913,0.807977708333333,0.673867083333333,179.810666666667,"4","Salp","Subantarctic",321,111607,79522166,120449,444,712.519519384985,353,646,2073,8,"NZ15_S302_L004_R2_001",42.3557383096037,42.2160904009093,0.0093240392151798,84.9065035360509,151462188,12860124801,"R"
"103","NZ_15",305,-43.6535,-179.810666666667,"10",9156,10,1,"4",9.92110416666667,12.7592895833333,34.7522908660113,269.137888888889,0.815894583333334,0.67582875,179.810666666667,"4","Salp","Subantarctic",321,111607,79522166,120449,444,712.519519384985,353,646,2073,8,"NZ15_S302_L004_R1_001",42.5107727917316,42.3471156995051,0.00910313945760779,84.8166945865063,151462188,12846522141,"F"
"104","NZ_15",305,-43.6535,-179.810666666667,"10",9156,10,1,"4",9.92110416666667,12.7592895833333,34.7522908660113,269.137888888889,0.815894583333334,0.67582875,179.810666666667,"4","Salp","Subantarctic",321,111607,79522166,120449,444,712.519519384985,353,646,2073,8,"NZ15_S302_L004_R2_001",42.3557383096037,42.2160904009093,0.0093240392151798,84.9065035360509,151462188,12860124801,"R"
"105","NZ_15",305,-43.6535,-179.810666666667,"10",9156,10,1,"4",9.65428571428572,12.7799285714286,34.7533475995087,268.679279069767,0.815559795918367,0.682940816326531,179.810666666667,"4","Salp","Subantarctic",321,111607,79522166,120449,444,712.519519384985,353,646,2073,8,"NZ15_S302_L004_R1_001",42.5107727917316,42.3471156995051,0.00910313945760779,84.8166945865063,151462188,12846522141,"F"
"106","NZ_15",305,-43.6535,-179.810666666667,"10",9156,10,1,"4",9.65428571428572,12.7799285714286,34.7533475995087,268.679279069767,0.815559795918367,0.682940816326531,179.810666666667,"4","Salp","Subantarctic",321,111607,79522166,120449,444,712.519519384985,353,646,2073,8,"NZ15_S302_L004_R2_001",42.3557383096037,42.2160904009093,0.0093240392151798,84.9065035360509,151462188,12860124801,"R"
"107","NZ_16",305,-43.6535,-179.810666666667,"25",9156,25,1,"4",24.6318333333333,12.1431708333333,34.7230119998712,262.028458333333,1.44431458333333,1.14461885416667,179.810666666667,"4","Salp","Subantarctic",408,82932,68508774,174247,478,826.083707133555,368,740,1479,8,"NZ16_S303_L004_R1_001",45.0475406304384,44.669267759125,0.0112692757188376,85.7700809687403,26957564,2312152447,"F"
"108","NZ_16",305,-43.6535,-179.810666666667,"25",9156,25,1,"4",24.6318333333333,12.1431708333333,34.7230119998712,262.028458333333,1.44431458333333,1.14461885416667,179.810666666667,"4","Salp","Subantarctic",408,82932,68508774,174247,478,826.083707133555,368,740,1479,8,"NZ16_S303_L004_R2_001",44.8323257102371,44.4867915891812,0.0115141004091934,85.9175836881997,26957564,2316128761,"R"
"109","NZ_16",305,-43.6535,-179.810666666667,"25",9156,25,1,"4",24.4934081632653,12.1448775510204,34.7231054390532,261.519363636364,1.41990204081633,1.14385826530612,179.810666666667,"4","Salp","Subantarctic",408,82932,68508774,174247,478,826.083707133555,368,740,1479,8,"NZ16_S303_L004_R1_001",45.0475406304384,44.669267759125,0.0112692757188376,85.7700809687403,26957564,2312152447,"F"
"110","NZ_16",305,-43.6535,-179.810666666667,"25",9156,25,1,"4",24.4934081632653,12.1448775510204,34.7231054390532,261.519363636364,1.41990204081633,1.14385826530612,179.810666666667,"4","Salp","Subantarctic",408,82932,68508774,174247,478,826.083707133555,368,740,1479,8,"NZ16_S303_L004_R2_001",44.8323257102371,44.4867915891812,0.0115141004091934,85.9175836881997,26957564,2316128761,"R"
"111","NZ_16",305,-43.6535,-179.810666666667,"25",9156,25,1,"4",24.5672083333333,12.1432875,34.7231377774243,261.783461538462,1.45636666666667,1.18721583333333,179.810666666667,"4","Salp","Subantarctic",408,82932,68508774,174247,478,826.083707133555,368,740,1479,8,"NZ16_S303_L004_R1_001",45.0475406304384,44.669267759125,0.0112692757188376,85.7700809687403,26957564,2312152447,"F"
"112","NZ_16",305,-43.6535,-179.810666666667,"25",9156,25,1,"4",24.5672083333333,12.1432875,34.7231377774243,261.783461538462,1.45636666666667,1.18721583333333,179.810666666667,"4","Salp","Subantarctic",408,82932,68508774,174247,478,826.083707133555,368,740,1479,8,"NZ16_S303_L004_R2_001",44.8323257102371,44.4867915891812,0.0115141004091934,85.9175836881997,26957564,2316128761,"R"
"113","NZ_16",305,-43.6535,-179.810666666667,"25",9156,25,1,"4",24.6080816326531,12.1465979591837,34.7233789473025,261.717543478261,1.50656326530612,1.19728204081633,179.810666666667,"4","Salp","Subantarctic",408,82932,68508774,174247,478,826.083707133555,368,740,1479,8,"NZ16_S303_L004_R1_001",45.0475406304384,44.669267759125,0.0112692757188376,85.7700809687403,26957564,2312152447,"F"
"114","NZ_16",305,-43.6535,-179.810666666667,"25",9156,25,1,"4",24.6080816326531,12.1465979591837,34.7233789473025,261.717543478261,1.50656326530612,1.19728204081633,179.810666666667,"4","Salp","Subantarctic",408,82932,68508774,174247,478,826.083707133555,368,740,1479,8,"NZ16_S303_L004_R2_001",44.8323257102371,44.4867915891812,0.0115141004091934,85.9175836881997,26957564,2316128761,"R"
"115","NZ_16",305,-43.6535,-179.810666666667,"25",9156,25,1,"4",24.6287755102041,12.1460510204082,34.7233069064011,261.910421052632,1.48742448979592,1.19615775510204,179.810666666667,"4","Salp","Subantarctic",408,82932,68508774,174247,478,826.083707133555,368,740,1479,8,"NZ16_S303_L004_R1_001",45.0475406304384,44.669267759125,0.0112692757188376,85.7700809687403,26957564,2312152447,"F"
"116","NZ_16",305,-43.6535,-179.810666666667,"25",9156,25,1,"4",24.6287755102041,12.1460510204082,34.7233069064011,261.910421052632,1.48742448979592,1.19615775510204,179.810666666667,"4","Salp","Subantarctic",408,82932,68508774,174247,478,826.083707133555,368,740,1479,8,"NZ16_S303_L004_R2_001",44.8323257102371,44.4867915891812,0.0115141004091934,85.9175836881997,26957564,2316128761,"R"
"117","NZ_17",305,-43.6535,-179.810666666667,"40",9156,40,1,"4",40.5524489795918,11.9995653061225,34.7281212699062,257.349744186047,1.18855714285714,0.979885510204082,179.810666666667,"4","Salp","Subantarctic",290,109101,77727838,80717,466,712.439281033171,365,690,1861,4,"NZ17_S304_L004_R1_001",43.8369726318575,43.4454776898873,0.00937937722519762,81.6514184141269,27743026,2265257424,"F"
"118","NZ_17",305,-43.6535,-179.810666666667,"40",9156,40,1,"4",40.5524489795918,11.9995653061225,34.7281212699062,257.349744186047,1.18855714285714,0.979885510204082,179.810666666667,"4","Salp","Subantarctic",290,109101,77727838,80717,466,712.439281033171,365,690,1861,4,"NZ17_S304_L004_R2_001",43.6434424754813,43.2870392133261,0.00961908122996133,81.8009358820483,27743026,2269405491,"R"
"119","NZ_17",305,-43.6535,-179.810666666667,"40",9156,40,1,"4",40.6366734693877,12.006687755102,34.7311981740591,257.260936170213,1.1663693877551,0.944402142857143,179.810666666667,"4","Salp","Subantarctic",290,109101,77727838,80717,466,712.439281033171,365,690,1861,4,"NZ17_S304_L004_R1_001",43.8369726318575,43.4454776898873,0.00937937722519762,81.6514184141269,27743026,2265257424,"F"
"120","NZ_17",305,-43.6535,-179.810666666667,"40",9156,40,1,"4",40.6366734693877,12.006687755102,34.7311981740591,257.260936170213,1.1663693877551,0.944402142857143,179.810666666667,"4","Salp","Subantarctic",290,109101,77727838,80717,466,712.439281033171,365,690,1861,4,"NZ17_S304_L004_R2_001",43.6434424754813,43.2870392133261,0.00961908122996133,81.8009358820483,27743026,2269405491,"R"
"121","NZ_17",305,-43.6535,-179.810666666667,"40",9156,40,1,"4",40.6739791666667,12.0119645833333,34.7331463510251,256.7965625,1.20177708333333,0.952910416666667,179.810666666667,"4","Salp","Subantarctic",290,109101,77727838,80717,466,712.439281033171,365,690,1861,4,"NZ17_S304_L004_R1_001",43.8369726318575,43.4454776898873,0.00937937722519762,81.6514184141269,27743026,2265257424,"F"
"122","NZ_17",305,-43.6535,-179.810666666667,"40",9156,40,1,"4",40.6739791666667,12.0119645833333,34.7331463510251,256.7965625,1.20177708333333,0.952910416666667,179.810666666667,"4","Salp","Subantarctic",290,109101,77727838,80717,466,712.439281033171,365,690,1861,4,"NZ17_S304_L004_R2_001",43.6434424754813,43.2870392133261,0.00961908122996133,81.8009358820483,27743026,2269405491,"R"
"123","NZ_18",305,-43.6535,-179.810666666667,"70",9156,70,1,"4",70.3639375,11.313925,34.7084881384763,252.260458333333,0.407774166666667,0.327904791666667,179.810666666667,"4","Salp","Subantarctic",456,144079,114464060,82660,488,794.45345956038,371,762,2234,5,"NZ18_S305_L004_R1_001",45.1315652615762,44.6872087596191,0.0102050663207656,80.835495830437,43688151,3531553348,"F"
"124","NZ_18",305,-43.6535,-179.810666666667,"70",9156,70,1,"4",70.3639375,11.313925,34.7084881384763,252.260458333333,0.407774166666667,0.327904791666667,179.810666666667,"4","Salp","Subantarctic",456,144079,114464060,82660,488,794.45345956038,371,762,2234,5,"NZ18_S305_L004_R2_001",44.9359388977384,44.527063619029,0.0104486793787271,80.9518403971823,43688151,3536636227,"R"
"125","NZ_18",305,-43.6535,-179.810666666667,"70",9156,70,1,"4",70.4657346938775,11.3154285714286,34.70827644177,252.651659090909,0.406351020408163,0.33349193877551,179.810666666667,"4","Salp","Subantarctic",456,144079,114464060,82660,488,794.45345956038,371,762,2234,5,"NZ18_S305_L004_R1_001",45.1315652615762,44.6872087596191,0.0102050663207656,80.835495830437,43688151,3531553348,"F"
"126","NZ_18",305,-43.6535,-179.810666666667,"70",9156,70,1,"4",70.4657346938775,11.3154285714286,34.70827644177,252.651659090909,0.406351020408163,0.33349193877551,179.810666666667,"4","Salp","Subantarctic",456,144079,114464060,82660,488,794.45345956038,371,762,2234,5,"NZ18_S305_L004_R2_001",44.9359388977384,44.527063619029,0.0104486793787271,80.9518403971823,43688151,3536636227,"R"
"127","NZ_18",305,-43.6535,-179.810666666667,"70",9156,70,1,"4",70.2507291666666,11.3373520833333,34.7082620818636,253.265604166667,0.412924791666667,0.346207604166667,179.810666666667,"4","Salp","Subantarctic",456,144079,114464060,82660,488,794.45345956038,371,762,2234,5,"NZ18_S305_L004_R1_001",45.1315652615762,44.6872087596191,0.0102050663207656,80.835495830437,43688151,3531553348,"F"
"128","NZ_18",305,-43.6535,-179.810666666667,"70",9156,70,1,"4",70.2507291666666,11.3373520833333,34.7082620818636,253.265604166667,0.412924791666667,0.346207604166667,179.810666666667,"4","Salp","Subantarctic",456,144079,114464060,82660,488,794.45345956038,371,762,2234,5,"NZ18_S305_L004_R2_001",44.9359388977384,44.527063619029,0.0104486793787271,80.9518403971823,43688151,3536636227,"R"
"129","NZ_19",357,-45.4863333333333,179.624833333333,"10",9168,10,1,"5",9.75163265306122,11.3764693877551,34.3531401253379,262.83975,0.3798425,0.309179617346939,179.624833333333,"5","No salp","Subantarctic",0,1251,513255,3385,358,410.275779376499,323,423.5,7,0,"NZ19_S306_L004_R1_001",42.6485912239435,42.6694015595513,0.0133306845391753,90.6392439356787,15790720,1431258922,"F"
"130","NZ_19",357,-45.4863333333333,179.624833333333,"10",9168,10,1,"5",9.75163265306122,11.3764693877551,34.3531401253379,262.83975,0.3798425,0.309179617346939,179.624833333333,"5","No salp","Subantarctic",0,1251,513255,3385,358,410.275779376499,323,423.5,7,0,"NZ19_S306_L004_R2_001",42.4699432112988,42.5047801986318,0.0142729680188461,90.7236443936692,15790720,1432591666,"R"
"131","NZ_19",357,-45.4863333333333,179.624833333333,"10",9168,10,1,"5",9.7628125,11.5405520833333,34.360400741513,261.464583333333,0.376954666666667,0.30770525,179.624833333333,"5","No salp","Subantarctic",0,1251,513255,3385,358,410.275779376499,323,423.5,7,0,"NZ19_S306_L004_R1_001",42.6485912239435,42.6694015595513,0.0133306845391753,90.6392439356787,15790720,1431258922,"F"
"132","NZ_19",357,-45.4863333333333,179.624833333333,"10",9168,10,1,"5",9.7628125,11.5405520833333,34.360400741513,261.464583333333,0.376954666666667,0.30770525,179.624833333333,"5","No salp","Subantarctic",0,1251,513255,3385,358,410.275779376499,323,423.5,7,0,"NZ19_S306_L004_R2_001",42.4699432112988,42.5047801986318,0.0142729680188461,90.7236443936692,15790720,1432591666,"R"
"133","NZ_19",357,-45.4863333333333,179.624833333333,"10",9168,10,1,"5",9.81082222222222,11.55675,34.3601999907278,261.34080952381,0.382520625,0.312034479166667,179.624833333333,"5","No salp","Subantarctic",0,1251,513255,3385,358,410.275779376499,323,423.5,7,0,"NZ19_S306_L004_R1_001",42.6485912239435,42.6694015595513,0.0133306845391753,90.6392439356787,15790720,1431258922,"F"
"134","NZ_19",357,-45.4863333333333,179.624833333333,"10",9168,10,1,"5",9.81082222222222,11.55675,34.3601999907278,261.34080952381,0.382520625,0.312034479166667,179.624833333333,"5","No salp","Subantarctic",0,1251,513255,3385,358,410.275779376499,323,423.5,7,0,"NZ19_S306_L004_R2_001",42.4699432112988,42.5047801986318,0.0142729680188461,90.7236443936692,15790720,1432591666,"R"
"135","NZ_19",357,-45.4863333333333,179.624833333333,"10",9168,10,1,"5",9.78127083333333,11.6389291666667,34.3562564135239,260.895256410256,0.380399375,0.309198125,179.624833333333,"5","No salp","Subantarctic",0,1251,513255,3385,358,410.275779376499,323,423.5,7,0,"NZ19_S306_L004_R1_001",42.6485912239435,42.6694015595513,0.0133306845391753,90.6392439356787,15790720,1431258922,"F"
"136","NZ_19",357,-45.4863333333333,179.624833333333,"10",9168,10,1,"5",9.78127083333333,11.6389291666667,34.3562564135239,260.895256410256,0.380399375,0.309198125,179.624833333333,"5","No salp","Subantarctic",0,1251,513255,3385,358,410.275779376499,323,423.5,7,0,"NZ19_S306_L004_R2_001",42.4699432112988,42.5047801986318,0.0142729680188461,90.7236443936692,15790720,1432591666,"R"
"137","NZ_20",357,-45.4863333333333,179.624833333333,"50",9168,50,1,"5",51.2955510204082,10.3570265306122,34.3561257037084,266.14085106383,0.552170408163265,0.460775842379505,179.624833333333,"5","No salp","Subantarctic",71,83842,55311512,324917,471,659.711266429713,368,690,2135,1,"NZ20_S307_L004_R1_001",39.8030258172641,39.656651523272,0.00727605020132409,86.528757531299,21876704,1892964016,"F"
"138","NZ_20",357,-45.4863333333333,179.624833333333,"50",9168,50,1,"5",51.2955510204082,10.3570265306122,34.3561257037084,266.14085106383,0.552170408163265,0.460775842379505,179.624833333333,"5","No salp","Subantarctic",71,83842,55311512,324917,471,659.711266429713,368,690,2135,1,"NZ20_S307_L004_R2_001",39.6431699344191,39.5190581361157,0.00751334937946683,86.664254587894,21876704,1895928245,"R"
"139","NZ_20",357,-45.4863333333333,179.624833333333,"50",9168,50,1,"5",50.8565625,10.3611979166667,34.3558449871148,266.169195652174,0.558330416666667,0.464582164855073,179.624833333333,"5","No salp","Subantarctic",71,83842,55311512,324917,471,659.711266429713,368,690,2135,1,"NZ20_S307_L004_R1_001",39.8030258172641,39.656651523272,0.00727605020132409,86.528757531299,21876704,1892964016,"F"
"140","NZ_20",357,-45.4863333333333,179.624833333333,"50",9168,50,1,"5",50.8565625,10.3611979166667,34.3558449871148,266.169195652174,0.558330416666667,0.464582164855073,179.624833333333,"5","No salp","Subantarctic",71,83842,55311512,324917,471,659.711266429713,368,690,2135,1,"NZ20_S307_L004_R2_001",39.6431699344191,39.5190581361157,0.00751334937946683,86.664254587894,21876704,1895928245,"R"
"141","NZ_20",357,-45.4863333333333,179.624833333333,"50",9168,50,1,"5",51.0910208333333,10.3484104166667,34.3559539288716,266.284347826087,0.557927916666667,0.46620375,179.624833333333,"5","No salp","Subantarctic",71,83842,55311512,324917,471,659.711266429713,368,690,2135,1,"NZ20_S307_L004_R1_001",39.8030258172641,39.656651523272,0.00727605020132409,86.528757531299,21876704,1892964016,"F"
"142","NZ_20",357,-45.4863333333333,179.624833333333,"50",9168,50,1,"5",51.0910208333333,10.3484104166667,34.3559539288716,266.284347826087,0.557927916666667,0.46620375,179.624833333333,"5","No salp","Subantarctic",71,83842,55311512,324917,471,659.711266429713,368,690,2135,1,"NZ20_S307_L004_R2_001",39.6431699344191,39.5190581361157,0.00751334937946683,86.664254587894,21876704,1895928245,"R"
"143","NZ_20",357,-45.4863333333333,179.624833333333,"50",9168,50,1,"5",51.2855208333333,10.34921875,34.3558643907432,265.897065217391,0.584198125,0.484538229166667,179.624833333333,"5","No salp","Subantarctic",71,83842,55311512,324917,471,659.711266429713,368,690,2135,1,"NZ20_S307_L004_R1_001",39.8030258172641,39.656651523272,0.00727605020132409,86.528757531299,21876704,1892964016,"F"
"144","NZ_20",357,-45.4863333333333,179.624833333333,"50",9168,50,1,"5",51.2855208333333,10.34921875,34.3558643907432,265.897065217391,0.584198125,0.484538229166667,179.624833333333,"5","No salp","Subantarctic",71,83842,55311512,324917,471,659.711266429713,368,690,2135,1,"NZ20_S307_L004_R2_001",39.6431699344191,39.5190581361157,0.00751334937946683,86.664254587894,21876704,1895928245,"R"
"145","NZ_21",357,-45.4863333333333,179.624833333333,"80",9168,80,1,"5",79.7467708333333,9.47229166666667,34.382734457051,266.931708333333,0.814462916666667,0.6776390625,179.624833333333,"5","No salp","Subantarctic",345,188239,136357938,302041,473,724.387284250341,367,711,3673,1,"NZ21_S308_L004_R1_001",42.6119105367546,42.2066093152088,0.0100566797770674,79.1811310857087,52701771,4172985838,"F"
"146","NZ_21",357,-45.4863333333333,179.624833333333,"80",9168,80,1,"5",79.7467708333333,9.47229166666667,34.382734457051,266.931708333333,0.814462916666667,0.6776390625,179.624833333333,"5","No salp","Subantarctic",345,188239,136357938,302041,473,724.387284250341,367,711,3673,1,"NZ21_S308_L004_R2_001",42.441062920512,42.0730583964591,0.0102639147393037,79.3724052461159,52701771,4183066325,"R"
"147","NZ_21",357,-45.4863333333333,179.624833333333,"80",9168,80,1,"5",79.7702291666667,9.45998958333333,34.3833905462715,266.712577777778,0.775895434782609,0.651926154891304,179.624833333333,"5","No salp","Subantarctic",345,188239,136357938,302041,473,724.387284250341,367,711,3673,1,"NZ21_S308_L004_R1_001",42.6119105367546,42.2066093152088,0.0100566797770674,79.1811310857087,52701771,4172985838,"F"
"148","NZ_21",357,-45.4863333333333,179.624833333333,"80",9168,80,1,"5",79.7702291666667,9.45998958333333,34.3833905462715,266.712577777778,0.775895434782609,0.651926154891304,179.624833333333,"5","No salp","Subantarctic",345,188239,136357938,302041,473,724.387284250341,367,711,3673,1,"NZ21_S308_L004_R2_001",42.441062920512,42.0730583964591,0.0102639147393037,79.3724052461159,52701771,4183066325,"R"
"149","NZ_21",357,-45.4863333333333,179.624833333333,"80",9168,80,1,"5",79.6767142857143,9.46631836734694,34.3829109302013,266.929674418605,0.790435306122449,0.66084,179.624833333333,"5","No salp","Subantarctic",345,188239,136357938,302041,473,724.387284250341,367,711,3673,1,"NZ21_S308_L004_R1_001",42.6119105367546,42.2066093152088,0.0100566797770674,79.1811310857087,52701771,4172985838,"F"
"150","NZ_21",357,-45.4863333333333,179.624833333333,"80",9168,80,1,"5",79.6767142857143,9.46631836734694,34.3829109302013,266.929674418605,0.790435306122449,0.66084,179.624833333333,"5","No salp","Subantarctic",345,188239,136357938,302041,473,724.387284250341,367,711,3673,1,"NZ21_S308_L004_R2_001",42.441062920512,42.0730583964591,0.0102639147393037,79.3724052461159,52701771,4183066325,"R"
"151","NZ_21",357,-45.4863333333333,179.624833333333,"80",9168,80,1,"5",79.4127083333333,9.4805625,34.3835884332171,267.274875,0.795893541666667,0.6621578125,179.624833333333,"5","No salp","Subantarctic",345,188239,136357938,302041,473,724.387284250341,367,711,3673,1,"NZ21_S308_L004_R1_001",42.6119105367546,42.2066093152088,0.0100566797770674,79.1811310857087,52701771,4172985838,"F"
"152","NZ_21",357,-45.4863333333333,179.624833333333,"80",9168,80,1,"5",79.4127083333333,9.4805625,34.3835884332171,267.274875,0.795893541666667,0.6621578125,179.624833333333,"5","No salp","Subantarctic",345,188239,136357938,302041,473,724.387284250341,367,711,3673,1,"NZ21_S308_L004_R2_001",42.441062920512,42.0730583964591,0.0102639147393037,79.3724052461159,52701771,4183066325,"R"
"153","NZ_22",357,-45.4863333333333,179.624833333333,"100",9168,100,1,"5",101.196208333333,8.98499166666667,34.4110005153888,261.590020833333,0.667771041666667,0.556818854166667,179.624833333333,"5","No salp","Subantarctic",198,192729,132492819,91388,475,687.456578926887,368,708,4090,5,"NZ22_S309_L004_R1_001",41.6885205936112,41.354288473544,0.00831377552320491,77.5758218837402,56534760,4385730472,"F"
"154","NZ_22",357,-45.4863333333333,179.624833333333,"100",9168,100,1,"5",101.196208333333,8.98499166666667,34.4110005153888,261.590020833333,0.667771041666667,0.556818854166667,179.624833333333,"5","No salp","Subantarctic",198,192729,132492819,91388,475,687.456578926887,368,708,4090,5,"NZ22_S309_L004_R2_001",41.5409499274326,41.2395644242235,0.00853438280988095,77.7365552626384,56534760,4394817495,"R"
"155","NZ_22",357,-45.4863333333333,179.624833333333,"100",9168,100,1,"5",101.311875,8.96990833333333,34.4062153378112,261.800733333333,0.645427291666667,0.541682201388889,179.624833333333,"5","No salp","Subantarctic",198,192729,132492819,91388,475,687.456578926887,368,708,4090,5,"NZ22_S309_L004_R1_001",41.6885205936112,41.354288473544,0.00831377552320491,77.5758218837402,56534760,4385730472,"F"
"156","NZ_22",357,-45.4863333333333,179.624833333333,"100",9168,100,1,"5",101.311875,8.96990833333333,34.4062153378112,261.800733333333,0.645427291666667,0.541682201388889,179.624833333333,"5","No salp","Subantarctic",198,192729,132492819,91388,475,687.456578926887,368,708,4090,5,"NZ22_S309_L004_R2_001",41.5409499274326,41.2395644242235,0.00853438280988095,77.7365552626384,56534760,4394817495,"R"
"157","NZ_22",357,-45.4863333333333,179.624833333333,"100",9168,100,1,"5",100.676208333333,8.97776875,34.4055407072321,261.785625,0.642524130434783,0.530132377717391,179.624833333333,"5","No salp","Subantarctic",198,192729,132492819,91388,475,687.456578926887,368,708,4090,5,"NZ22_S309_L004_R1_001",41.6885205936112,41.354288473544,0.00831377552320491,77.5758218837402,56534760,4385730472,"F"
"158","NZ_22",357,-45.4863333333333,179.624833333333,"100",9168,100,1,"5",100.676208333333,8.97776875,34.4055407072321,261.785625,0.642524130434783,0.530132377717391,179.624833333333,"5","No salp","Subantarctic",198,192729,132492819,91388,475,687.456578926887,368,708,4090,5,"NZ22_S309_L004_R2_001",41.5409499274326,41.2395644242235,0.00853438280988095,77.7365552626384,56534760,4394817495,"R"
"159","NZ_22",357,-45.4863333333333,179.624833333333,"100",9168,100,1,"5",101.1148125,8.9883125,34.4094846146094,261.584666666667,0.642444166666667,0.535941875,179.624833333333,"5","No salp","Subantarctic",198,192729,132492819,91388,475,687.456578926887,368,708,4090,5,"NZ22_S309_L004_R1_001",41.6885205936112,41.354288473544,0.00831377552320491,77.5758218837402,56534760,4385730472,"F"
"160","NZ_22",357,-45.4863333333333,179.624833333333,"100",9168,100,1,"5",101.1148125,8.9883125,34.4094846146094,261.584666666667,0.642444166666667,0.535941875,179.624833333333,"5","No salp","Subantarctic",198,192729,132492819,91388,475,687.456578926887,368,708,4090,5,"NZ22_S309_L004_R2_001",41.5409499274326,41.2395644242235,0.00853438280988095,77.7365552626384,56534760,4394817495,"R"
